Achromobacter_sp_sMAG_0077	sMAG_0077_contig_0032.region001	terpene	terpene
Achromobacter_sp_sMAG_0077	sMAG_0077_contig_0179.region001	PKS	T1PKS
Achromobacter_sp_sMAG_0077	sMAG_0077_contig_0188.region001	other	resorcinol
Achromobacter_sp_sMAG_0077	sMAG_0077_contig_0243.region001	other	ectoine
Achromobacter_sp_sMAG_0077	sMAG_0077_contig_0267.region001	NRPS	NAPAA
Achromobacter_sp_sMAG_0077	sMAG_0077_contig_0391.region001	PKS	arylpolyene
Achromobacter_sp_sMAG_0077	sMAG_0077_contig_0476.region001	other	ectoine
Achromobacter_sp_sMAG_0077	sMAG_0077_contig_0545.region001	other	phosphonate-like
Acinetobacter_guillouiae_sMAG_0056	sMAG_0056_contig_0001.region001	RiPP	RiPP-like
Acinetobacter_guillouiae_sMAG_0056	sMAG_0056_contig_0012.region001	PKS	arylpolyene
Acinetobacter_guillouiae_sMAG_0056	sMAG_0056_contig_0014.region001	other	NI-siderophore
Acinetobacter_guillouiae_sMAG_0056	sMAG_0056_contig_0015.region001	PKS	arylpolyene
Acinetobacter_guillouiae_sMAG_0056	sMAG_0056_contig_0023.region001	RiPP	RiPP-like
Acinetobacter_guillouiae_sMAG_0056	sMAG_0056_contig_0064.region001	other	NI-siderophore
Acinetobacter_guillouiae_sMAG_0056	sMAG_0056_contig_0109.region001	other	NI-siderophore
Advenella_sp_sMAG_0078	sMAG_0078_contig_0009.region001	other	betalactone
Advenella_sp_sMAG_0078	sMAG_0078_contig_0010.region001	other	hydrogen-cyanide
Advenella_sp_sMAG_0078	sMAG_0078_contig_0013.region001	NRPS	NRPS
Advenella_sp_sMAG_0078	sMAG_0078_contig_0034.region001	other	hydrogen-cyanide
Advenella_sp_sMAG_0078	sMAG_0078_contig_0044.region001	terpene	terpene
Advenella_sp_sMAG_0078	sMAG_0078_contig_0065.region001	PKS	arylpolyene
Advenella_sp_sMAG_0078	sMAG_0078_contig_0071.region001	RiPP	redox-cofactor
Advenella_sp_sMAG_0078	sMAG_0078_contig_0102.region001	NRPS	NAPAA
Advenella_sp_sMAG_0078	sMAG_0078_contig_0207.region001	other	ectoine
Advenella_sp_sMAG_0078	sMAG_0078_contig_0255.region001	NRPS	NRPS
Apibacter_sp_sMAG_0004	sMAG_0004_contig_0001.region001	PKS	arylpolyene
Apibacter_sp_sMAG_0004	sMAG_0004_contig_0001.region002	PKS	hglE-KS
Apibacter_sp_sMAG_0004	sMAG_0004_contig_0002.region001	PKS	T1PKS
Apibacter_sp_sMAG_0004	sMAG_0004_contig_0005.region001	NRPS	mycosporine-like
Bacillaceae_bacterium_mMAG_0052	mMAG_0052_contig_0007.region001	PKS	T3PKS
Bacillaceae_bacterium_mMAG_0052	mMAG_0052_contig_0014.region001	RiPP	cyclic-lactone-autoinducer
Bacillaceae_bacterium_mMAG_0052	mMAG_0052_contig_0020.region001	RiPP	RiPP-like
Bacilli_bacterium_sMAG_0016	sMAG_0016_contig_0009.region001	RiPP	cyclic-lactone-autoinducer
Bacilli_bacterium_sMAG_0016	sMAG_0016_contig_0021.region001	RiPP	RiPP-like
Brevibacterium_epidermidis_mMAG_0003	mMAG_0003_contig_0031.region001	terpene	terpene
Brevibacterium_epidermidis_mMAG_0003	mMAG_0003_contig_0036.region001	RiPP	RiPP-like
Brevibacterium_epidermidis_mMAG_0003	mMAG_0003_contig_0125.region001	PKS	T3PKS
Brevibacterium_epidermidis_mMAG_0003	mMAG_0003_contig_0168.region001	NRPS	NAPAA
Brevibacterium_epidermidis_mMAG_0003	mMAG_0003_contig_0270.region001	other	ectoine
Brevibacterium_epidermidis_mMAG_0003	mMAG_0003_contig_0443.region001	other	NI-siderophore
Brevibacterium_sp_mMAG_0023	mMAG_0023_contig_0003.region001	PKS	T3PKS
Brevibacterium_sp_mMAG_0023	mMAG_0023_contig_0005.region001	other	NI-siderophore
Brevibacterium_sp_mMAG_0023	mMAG_0023_contig_0020.region001	other	ectoine
Brevibacterium_sp_mMAG_0023	mMAG_0023_contig_0025.region001	terpene	terpene
Brevibacterium_sp_mMAG_0023	mMAG_0023_contig_0027.region001	NRPS	NAPAA
Brevibacterium_sp_mMAG_0023	mMAG_0023_contig_0032.region001	other	hydrogen-cyanide
Brucella_tritici_sMAG_0011	sMAG_0011_contig_0002.region001	other	acyl_amino_acids
Brucella_tritici_sMAG_0011	sMAG_0011_contig_0019.region001	other	hydrogen-cyanide
Brucella_tritici_sMAG_0011	sMAG_0011_contig_0026.region001	other	NAGGN
Brucella_tritici_sMAG_0011	sMAG_0011_contig_0115.region001	PKS	arylpolyene
Brucella_tritici_sMAG_0011	sMAG_0011_contig_0229.region001	terpene	terpene
Burkholderiales_bacterium_sMAG_0027	sMAG_0027_contig_0013.region001	RiPP	RiPP-like
Burkholderiales_bacterium_sMAG_0027	sMAG_0027_contig_0029.region001	terpene	terpene
Burkholderiales_bacterium_sMAG_0027	sMAG_0027_contig_0049.region001	PKS	arylpolyene
Caloramatoraceae_bacterium_sMAG_0052	sMAG_0052_contig_0003.region001	NRPS	NRPS
Caloramatoraceae_bacterium_sMAG_0052	sMAG_0052_contig_0003.region002	RiPP	cyclic-lactone-autoinducer
Caloramatoraceae_bacterium_sMAG_0052	sMAG_0052_contig_0006.region001	RiPP	cyclic-lactone-autoinducer
Caloramatoraceae_bacterium_sMAG_0052	sMAG_0052_contig_0010.region001	RiPP	ranthipeptide
Caloramatoraceae_bacterium_sMAG_0052	sMAG_0052_contig_0012.region001	RiPP	cyclic-lactone-autoinducer
Chryseobacterium_sp_sMAG_0068	sMAG_0068_contig_0001.region001	NRPS	NAPAA
Chryseobacterium_sp_sMAG_0068	sMAG_0068_contig_0001.region002	RiPP	microviridin
Chryseobacterium_sp_sMAG_0068	sMAG_0068_contig_0001.region003	PKS	T1PKS
Chryseobacterium_sp_sMAG_0068	sMAG_0068_contig_0001.region004	NRPS	NRPS
Chryseobacterium_sp_sMAG_0068	sMAG_0068_contig_0002.region001	other	resorcinol
Chryseobacterium_sp_sMAG_0068	sMAG_0068_contig_0002.region002	RiPP	lanthipeptide-class-i
Chryseobacterium_sp_sMAG_0068	sMAG_0068_contig_0002.region003	NRPS	NRPS-like
Chryseobacterium_sp_sMAG_0068	sMAG_0068_contig_0003.region001	RiPP	RiPP-like
Chryseobacterium_sp_sMAG_0068	sMAG_0068_contig_0003.region002	other	NI-siderophore
Chryseobacterium_sp_sMAG_0068	sMAG_0068_contig_0003.region003	RiPP	RiPP-like
Chryseobacterium_sp_sMAG_0072	sMAG_0072_contig_0001.region001	other	NI-siderophore
Chryseobacterium_sp_sMAG_0072	sMAG_0072_contig_0001.region002	terpene	terpene
Chryseobacterium_sp_sMAG_0072	sMAG_0072_contig_0009.region001	PKS	arylpolyene
Citrobacter_koseri_sMAG_0083	sMAG_0083_contig_0001.region001	PKS	T1PKS
Citrobacter_koseri_sMAG_0083	sMAG_0083_contig_0001.region002	RiPP	thiopeptide
Citrobacter_koseri_sMAG_0083	sMAG_0083_contig_0001.region003	NRPS	NRP-metallophore
Citrobacter_koseri_sMAG_0083	sMAG_0083_contig_0004.region001	PKS	arylpolyene
Citrobacter_koseri_sMAG_0083	sMAG_0083_contig_0006.region001	other	NI-siderophore
Citrobacter_koseri_sMAG_0085	sMAG_0085_contig_0001.region001	other	NI-siderophore
Citrobacter_koseri_sMAG_0085	sMAG_0085_contig_0002.region001	NRPS	NRP-metallophore
Citrobacter_koseri_sMAG_0085	sMAG_0085_contig_0004.region001	PKS	T1PKS
Citrobacter_koseri_sMAG_0085	sMAG_0085_contig_0005.region001	PKS	arylpolyene
Citrobacter_koseri_sMAG_0085	sMAG_0085_contig_0008.region001	RiPP	thiopeptide
Citrobacter_koseri_sMAG_0085	sMAG_0085_contig_0011.region001	RiPP	RiPP-like
Citrobacter_werkmanii_sMAG_0058	sMAG_0058_contig_0002.region001	NRPS	NRP-metallophore
Citrobacter_werkmanii_sMAG_0058	sMAG_0058_contig_0002.region002	RiPP	thiopeptide
Corynebacterium_kalidii_mMAG_0001	mMAG_0001_contig_0004.region001	PKS	T1PKS
Corynebacterium_kalidii_mMAG_0001	mMAG_0001_contig_0005.region001	NRPS	NRP-metallophore
Corynebacterium_kalidii_mMAG_0001	mMAG_0001_contig_0010.region001	NRPS	NAPAA
Corynebacterium_kalidii_mMAG_0001	mMAG_0001_contig_0011.region001	terpene	terpene
Corynebacterium_nuruki_mMAG_0041	mMAG_0041_contig_0004.region001	terpene	terpene
Corynebacterium_nuruki_mMAG_0041	mMAG_0041_contig_0009.region001	NRPS	NAPAA
Corynebacterium_nuruki_mMAG_0041	mMAG_0041_contig_0011.region001	PKS	T3PKS
Corynebacterium_nuruki_mMAG_0041	mMAG_0041_contig_0044.region001	PKS	T1PKS
Corynebacterium_nuruki_mMAG_0041	mMAG_0041_contig_0045.region001	terpene	terpene
Corynebacterium_nuruki_sMAG_0091	sMAG_0091_contig_0047.region001	terpene	terpene
Corynebacterium_nuruki_sMAG_0091	sMAG_0091_contig_0064.region001	PKS	T1PKS
Corynebacterium_nuruki_sMAG_0091	sMAG_0091_contig_0117.region001	PKS	T3PKS
Corynebacterium_nuruki_sMAG_0091	sMAG_0091_contig_0191.region001	terpene	terpene
Corynebacterium_sp_mMAG_0017	mMAG_0017_contig_0001.region001	NRPS	NRP-metallophore
Corynebacterium_sp_mMAG_0017	mMAG_0017_contig_0003.region001	NRPS	NAPAA
Corynebacterium_sp_mMAG_0017	mMAG_0017_contig_0004.region001	terpene	terpene
Corynebacterium_sp_mMAG_0017	mMAG_0017_contig_0007.region001	terpene	terpene
Corynebacterium_sp_mMAG_0017	mMAG_0017_contig_0010.region001	PKS	T1PKS
Corynebacterium_sp_mMAG_0017	mMAG_0017_contig_0015.region001	NRPS	CDPS
Corynebacterium_sp_mMAG_0017	mMAG_0017_contig_0022.region001	PKS	T3PKS
Corynebacterium_sp_sMAG_0001	sMAG_0001_contig_0007.region001	PKS	T3PKS
Corynebacterium_sp_sMAG_0001	sMAG_0001_contig_0014.region001	terpene	terpene
Corynebacterium_sp_sMAG_0001	sMAG_0001_contig_0036.region001	NRPS	NRP-metallophore
Corynebacterium_sp_sMAG_0001	sMAG_0001_contig_0060.region001	PKS	T1PKS
Corynebacterium_sp_sMAG_0001	sMAG_0001_contig_0066.region001	terpene	terpene
Corynebacterium_sp_sMAG_0015	sMAG_0015_contig_0011.region001	PKS	T1PKS
Corynebacterium_sp_sMAG_0015	sMAG_0015_contig_0131.region001	NRPS	NRPS
Corynebacterium_sp_sMAG_0015	sMAG_0015_contig_0201.region001	NRPS	NRPS
Corynebacterium_sp_sMAG_0045	sMAG_0045_contig_0002.region001	PKS	T1PKS
Corynebacterium_sp_sMAG_0045	sMAG_0045_contig_0003.region001	NRPS	CDPS
Corynebacterium_sp_sMAG_0045	sMAG_0045_contig_0013.region001	terpene	terpene
Corynebacterium_sp_sMAG_0045	sMAG_0045_contig_0082.region001	NRPS	NRPS
Corynebacterium_sp_sMAG_0045	sMAG_0045_contig_0193.region001	NRPS	NRPS-like
Corynebacterium_sp_sMAG_0045	sMAG_0045_contig_0278.region001	PKS	T3PKS
Corynebacterium_sp_sMAG_0045	sMAG_0045_contig_0311.region001	terpene	terpene
Corynebacterium_sp_sMAG_0075	sMAG_0075_contig_0006.region001	terpene	terpene
Corynebacterium_sp_sMAG_0075	sMAG_0075_contig_0007.region001	PKS	T3PKS
Corynebacterium_sp_sMAG_0075	sMAG_0075_contig_0026.region001	terpene	terpene
Corynebacterium_sp_sMAG_0075	sMAG_0075_contig_0036.region001	PKS	T1PKS
Dysgonomonas_capnocytophagoides_sMAG_0029	sMAG_0029_contig_0012.region001	RiPP	RiPP-like
Dysgonomonas_gadei_sMAG_0064	sMAG_0064_contig_0119.region001	PKS	arylpolyene
Dysgonomonas_gadei_sMAG_0064	sMAG_0064_contig_0364.region001	PKS	arylpolyene
Dysgonomonas_sp_mMAG_0046	mMAG_0046_contig_0002.region001	RiPP	RiPP-like
Dysgonomonas_sp_sMAG_0050	sMAG_0050_contig_0010.region001	other	furan
Dysgonomonas_sp_sMAG_0054	sMAG_0054_contig_0005.region001	PKS	arylpolyene
Dysgonomonas_sp_sMAG_0054	sMAG_0054_contig_0014.region001	RiPP	RRE-containing
Dysgonomonas_sp_sMAG_0099	sMAG_0099_contig_0001.region001	PKS	arylpolyene
Dysgonomonas_sp_sMAG_0099	sMAG_0099_contig_0011.region001	RiPP	RiPP-like
Empedobacter_falsenii_sMAG_0081	sMAG_0081_contig_0001.region001	other	betalactone
Empedobacter_falsenii_sMAG_0081	sMAG_0081_contig_0010.region001	PKS	arylpolyene
Empedobacter_falsenii_sMAG_0081	sMAG_0081_contig_0014.region001	PKS	arylpolyene
Empedobacter_falsenii_sMAG_0081	sMAG_0081_contig_0024.region001	terpene	terpene
Empedobacter_falsenii_sMAG_0088	sMAG_0088_contig_0026.region001	other	betalactone
Empedobacter_falsenii_sMAG_0088	sMAG_0088_contig_0040.region001	PKS	arylpolyene
Empedobacter_falsenii_sMAG_0088	sMAG_0088_contig_0041.region001	other	resorcinol
Empedobacter_falsenii_sMAG_0088	sMAG_0088_contig_0194.region001	terpene	terpene
Enterobacter_cloacae_sMAG_0042	sMAG_0042_contig_0003.region001	other	NI-siderophore
Enterobacter_cloacae_sMAG_0042	sMAG_0042_contig_0006.region001	PKS	arylpolyene
Enterobacter_cloacae_sMAG_0042	sMAG_0042_contig_0007.region001	NRPS	NRP-metallophore
Enterobacter_cloacae_sMAG_0042	sMAG_0042_contig_0063.region001	RiPP	thiopeptide
Enterobacteriaceae_bacterium_sMAG_0037	sMAG_0037_contig_0003.region001	PKS	arylpolyene
Enterobacteriaceae_bacterium_sMAG_0037	sMAG_0037_contig_0006.region001	other	betalactone
Enterobacteriaceae_bacterium_sMAG_0037	sMAG_0037_contig_0010.region001	RiPP	thiopeptide
Enterobacter_sp_mMAG_0013	mMAG_0013_contig_0001.region001	other	NI-siderophore
Enterobacter_sp_mMAG_0013	mMAG_0013_contig_0001.region002	RiPP	redox-cofactor
Enterobacter_sp_mMAG_0013	mMAG_0013_contig_0001.region003	RiPP	thiopeptide
Enterobacter_sp_mMAG_0013	mMAG_0013_contig_0001.region004	NRPS	NRP-metallophore
Enterobacter_sp_mMAG_0013	mMAG_0013_contig_0007.region001	PKS	arylpolyene
Enterobacter_sp_mMAG_0013	mMAG_0013_contig_0010.region001	RiPP	RRE-containing
Enterobacter_wuhouensis_sMAG_0047	sMAG_0047_contig_0002.region001	NRPS	NRP-metallophore
Enterobacter_wuhouensis_sMAG_0047	sMAG_0047_contig_0002.region002	RiPP	thiopeptide
Enterobacter_wuhouensis_sMAG_0047	sMAG_0047_contig_0012.region001	other	butyrolactone
Enterococcaceae_sp_sMAG_0032	sMAG_0032_contig_0003.region001	RiPP	lanthipeptide-class-ii
Enterococcaceae_sp_sMAG_0032	sMAG_0032_contig_0005.region001	PKS	T3PKS
Enterococcaceae_sp_sMAG_0032	sMAG_0032_contig_0070.region001	RiPP	cyclic-lactone-autoinducer
Enterococcus_avium_mMAG_0028	mMAG_0028_contig_0075.region001	RiPP	cyclic-lactone-autoinducer
Enterococcus_avium_mMAG_0028	mMAG_0028_contig_0084.region001	RiPP	cyclic-lactone-autoinducer
Enterococcus_avium_mMAG_0040	mMAG_0040_contig_0031.region001	RiPP	cyclic-lactone-autoinducer
Enterococcus_avium_mMAG_0040	mMAG_0040_contig_0049.region001	RiPP	cyclic-lactone-autoinducer
Enterococcus_avium_sMAG_0067	sMAG_0067_contig_0021.region001	RiPP	cyclic-lactone-autoinducer
Enterococcus_avium_sMAG_0067	sMAG_0067_contig_0027.region001	RiPP	cyclic-lactone-autoinducer
Enterococcus_faecalis_mMAG_0015	mMAG_0015_contig_0001.region001	RiPP	RRE-containing
Enterococcus_faecalis_mMAG_0015	mMAG_0015_contig_0002.region001	RiPP	cyclic-lactone-autoinducer
Enterococcus_faecalis_mMAG_0015	mMAG_0015_contig_0017.region001	RiPP	RiPP-like
Enterococcus_gallinarum_mMAG_0042	mMAG_0042_contig_0001.region001	terpene	terpene
Enterococcus_gallinarum_mMAG_0042	mMAG_0042_contig_0001.region002	RiPP	cyclic-lactone-autoinducer
Enterococcus_gallinarum_mMAG_0042	mMAG_0042_contig_0013.region001	RiPP	RiPP-like
Enterococcus_gallinarum_mMAG_0042	mMAG_0042_contig_0016.region001	PKS	T3PKS
Enterococcus_gallinarum_sMAG_0046	sMAG_0046_contig_0043.region001	terpene	terpene
Enterococcus_gallinarum_sMAG_0046	sMAG_0046_contig_0211.region001	PKS	T3PKS
Enterococcus_leclercqii_mMAG_0029	mMAG_0029_contig_0011.region001	RiPP	RiPP-like
Enterococcus_leclercqii_sMAG_0039	sMAG_0039_contig_0009.region001	RiPP	RiPP-like
Enterococcus_murrayae_sMAG_0008	sMAG_0008_contig_0007.region001	RiPP	cyclic-lactone-autoinducer
Enterococcus_nangangensis_sMAG_0022	sMAG_0022_contig_0031.region001	RiPP	RaS-RiPP
Enterococcus_nangangensis_sMAG_0038	sMAG_0038_contig_0027.region001	RiPP	RaS-RiPP
Enterococcus_nangangensis_sMAG_0038	sMAG_0038_contig_0033.region001	RiPP	RaS-RiPP
Enterococcus_nangangensis_sMAG_0076	sMAG_0076_contig_0032.region001	RiPP	RaS-RiPP
Enterococcus_phoeniculicola_sMAG_0006	sMAG_0006_contig_0012.region001	RiPP	RiPP-like
Enterococcus_phoeniculicola_sMAG_0006	sMAG_0006_contig_0031.region001	PKS	T3PKS
Enterococcus_sp_mMAG_0005	mMAG_0005_contig_0001.region001	RiPP	cyclic-lactone-autoinducer
Enterococcus_sp_mMAG_0005	mMAG_0005_contig_0007.region001	terpene	terpene
Enterococcus_sp_mMAG_0005	mMAG_0005_contig_0027.region001	RiPP	LAP
Enterococcus_sp_mMAG_0020	mMAG_0020_contig_0002.region001	PKS	T3PKS
Enterococcus_sp_mMAG_0020	mMAG_0020_contig_0003.region001	RiPP	cyclic-lactone-autoinducer
Enterococcus_sp_mMAG_0021	mMAG_0021_contig_0001.region001	RiPP	lassopeptide
Enterococcus_sp_mMAG_0021	mMAG_0021_contig_0002.region001	terpene	terpene
Enterococcus_sp_mMAG_0021	mMAG_0021_contig_0009.region001	PKS	T3PKS
Enterococcus_sp_mMAG_0030	mMAG_0030_contig_0068.region001	terpene	terpene
Enterococcus_sp_mMAG_0033	mMAG_0033_contig_0001.region001	RiPP	lassopeptide
Enterococcus_sp_mMAG_0033	mMAG_0033_contig_0005.region001	RiPP	lanthipeptide-class-ii
Enterococcus_sp_mMAG_0033	mMAG_0033_contig_0005.region002	RiPP	lanthipeptide-class-i
Enterococcus_sp_mMAG_0033	mMAG_0033_contig_0006.region001	other	furan
Enterococcus_sp_mMAG_0033	mMAG_0033_contig_0009.region001	RiPP	lanthipeptide-class-ii
Enterococcus_sp_mMAG_0043	mMAG_0043_contig_0013.region001	NRPS	NRPS
Enterococcus_sp_mMAG_0043	mMAG_0043_contig_0019.region001	RiPP	lanthipeptide-class-i
Enterococcus_sp_mMAG_0043	mMAG_0043_contig_0049.region001	NRPS	NRPS
Enterococcus_sp_mMAG_0043	mMAG_0043_contig_0200.region001	NRPS	NRPS
Enterococcus_sp_mMAG_0043	mMAG_0043_contig_0279.region001	RiPP	lanthipeptide-class-ii
Enterococcus_sp_mMAG_0045	mMAG_0045_contig_0003.region001	RiPP	lanthipeptide-class-ii
Enterococcus_sp_mMAG_0045	mMAG_0045_contig_0006.region001	RiPP	RiPP-like
Enterococcus_sp_mMAG_0045	mMAG_0045_contig_0010.region001	RiPP	ranthipeptide
Enterococcus_sp_mMAG_0045	mMAG_0045_contig_0015.region001	PKS	T2PKS
Enterococcus_sp_mMAG_0049	mMAG_0049_contig_0005.region001	PKS	T3PKS
Enterococcus_sp_mMAG_0049	mMAG_0049_contig_0014.region001	RiPP	RaS-RiPP
Enterococcus_sp_mMAG_0049	mMAG_0049_contig_0024.region001	terpene	terpene
Enterococcus_sp_sMAG_0014	sMAG_0014_contig_0003.region001	RiPP	cyclic-lactone-autoinducer
Enterococcus_sp_sMAG_0014	sMAG_0014_contig_0008.region001	RiPP	RiPP-like
Enterococcus_sp_sMAG_0014	sMAG_0014_contig_0009.region001	RiPP	lanthipeptide-class-ii
Enterococcus_sp_sMAG_0014	sMAG_0014_contig_0011.region001	RiPP	RiPP-like
Enterococcus_sp_sMAG_0020	sMAG_0020_contig_0013.region001	terpene	terpene
Enterococcus_sp_sMAG_0020	sMAG_0020_contig_0049.region001	other	furan
Enterococcus_sp_sMAG_0020	sMAG_0020_contig_0179.region001	RiPP	RiPP-like
Enterococcus_sp_sMAG_0031	sMAG_0031_contig_0001.region001	terpene	terpene
Enterococcus_sp_sMAG_0040	sMAG_0040_contig_0001.region001	RiPP	RiPP-like
Enterococcus_sp_sMAG_0040	sMAG_0040_contig_0003.region001	RiPP	sactipeptide
Enterococcus_sp_sMAG_0040	sMAG_0040_contig_0004.region001	other	furan
Enterococcus_sp_sMAG_0040	sMAG_0040_contig_0019.region001	PKS	T3PKS
Enterococcus_sp_sMAG_0041	sMAG_0041_contig_0019.region001	PKS	T3PKS
Enterococcus_sp_sMAG_0060	sMAG_0060_contig_0025.region001	PKS	T3PKS
Enterococcus_sp_sMAG_0061	sMAG_0061_contig_0001.region001	RiPP	cyclic-lactone-autoinducer
Enterococcus_sp_sMAG_0061	sMAG_0061_contig_0003.region001	RiPP	RRE-containing
Enterococcus_sp_sMAG_0061	sMAG_0061_contig_0004.region001	other	furan
Enterococcus_sp_sMAG_0061	sMAG_0061_contig_0019.region001	RiPP	lanthipeptide-class-ii
Enterococcus_sp_sMAG_0061	sMAG_0061_contig_0026.region001	RiPP	lanthipeptide-class-ii
Enterococcus_sp_sMAG_0063	sMAG_0063_contig_0015.region001	RiPP	RRE-containing
Enterococcus_sp_sMAG_0094	sMAG_0094_contig_0218.region001	PKS	T3PKS
Enterococcus_sp_sMAG_0095	sMAG_0095_contig_0015.region001	RiPP	RRE-containing
Enterococcus_sp_sMAG_0095	sMAG_0095_contig_0061.region001	PKS	T3PKS
Enterococcus_sp_sMAG_0095	sMAG_0095_contig_0107.region001	RiPP	RiPP-like
Enterococcus_sp_sMAG_0100	sMAG_0100_contig_0001.region001	RiPP	RiPP-like
Enterococcus_sp_sMAG_0100	sMAG_0100_contig_0001.region002	RiPP	lanthipeptide-class-ii
Enterococcus_sp_sMAG_0100	sMAG_0100_contig_0004.region001	terpene	terpene
Enterococcus_sp_sMAG_0100	sMAG_0100_contig_0020.region001	RiPP	cyclic-lactone-autoinducer
Enterococcus_stercoravium_sMAG_0098	sMAG_0098_contig_0028.region001	RiPP	ranthipeptide
Enterococcus_villorum_mMAG_0036	mMAG_0036_contig_0005.region001	terpene	terpene
Enterococcus_villorum_mMAG_0036	mMAG_0036_contig_0011.region001	RiPP	cyclic-lactone-autoinducer
Enterococcus_villorum_mMAG_0036	mMAG_0036_contig_0036.region001	RiPP	cyclic-lactone-autoinducer
Enterococcus_villorum_mMAG_0036	mMAG_0036_contig_0074.region001	PKS	T3PKS
Entomomonas_sp_sMAG_0053	sMAG_0053_contig_0001.region001	NRPS	NRPS
Entomomonas_sp_sMAG_0053	sMAG_0053_contig_0016.region001	RiPP	RiPP-like
Hafnia_paralvei_sMAG_0023	sMAG_0023_contig_0005.region001	other	hserlactone
Hafnia_paralvei_sMAG_0023	sMAG_0023_contig_0013.region001	other	hserlactone
Hafnia_paralvei_sMAG_0023	sMAG_0023_contig_0024.region001	RiPP	thiopeptide
Hafnia_paralvei_sMAG_0023	sMAG_0023_contig_0033.region001	other	NI-siderophore
Hafnia_paralvei_sMAG_0023	sMAG_0023_contig_0067.region001	other	betalactone
Intestinirhabdus_alba_mMAG_0014	mMAG_0014_contig_0001.region001	other	hserlactone
Intestinirhabdus_alba_mMAG_0014	mMAG_0014_contig_0009.region001	other	butyrolactone
Intestinirhabdus_alba_mMAG_0014	mMAG_0014_contig_0011.region001	NRPS	NRPS
Intestinirhabdus_alba_mMAG_0014	mMAG_0014_contig_0016.region001	NRPS	NRP-metallophore
Intestinirhabdus_alba_mMAG_0014	mMAG_0014_contig_0016.region002	RiPP	thiopeptide
Intestinirhabdus_alba_mMAG_0014	mMAG_0014_contig_0020.region001	NRPS	NRP-metallophore
Intestinirhabdus_alba_mMAG_0014	mMAG_0014_contig_0033.region001	NRPS	NRPS-like
Intestinirhabdus_alba_mMAG_0014	mMAG_0014_contig_0034.region001	NRPS	NRPS
Intestinirhabdus_alba_mMAG_0014	mMAG_0014_contig_0047.region001	NRPS	NRPS
Intestinirhabdus_alba_sMAG_0026	sMAG_0026_contig_0001.region001	NRPS	NRP-metallophore
Intestinirhabdus_alba_sMAG_0026	sMAG_0026_contig_0003.region001	other	hserlactone
Intestinirhabdus_alba_sMAG_0026	sMAG_0026_contig_0009.region001	other	butyrolactone
Intestinirhabdus_alba_sMAG_0026	sMAG_0026_contig_0010.region001	NRPS	NRPS
Intestinirhabdus_alba_sMAG_0026	sMAG_0026_contig_0015.region001	RiPP	thiopeptide
Intestinirhabdus_alba_sMAG_0026	sMAG_0026_contig_0015.region002	NRPS	NRP-metallophore
Intestinirhabdus_alba_sMAG_0026	sMAG_0026_contig_0030.region001	NRPS	NRPS-like
Intestinirhabdus_alba_sMAG_0026	sMAG_0026_contig_0031.region001	NRPS	NRPS
Intestinirhabdus_alba_sMAG_0026	sMAG_0026_contig_0045.region001	NRPS	NRPS
Jejubacter_calystegiae_mMAG_0004	mMAG_0004_contig_0001.region001	RiPP	RRE-containing
Jejubacter_calystegiae_mMAG_0004	mMAG_0004_contig_0002.region001	other	ectoine
Jejubacter_calystegiae_mMAG_0004	mMAG_0004_contig_0002.region002	NRPS	NRP-metallophore
Jejubacter_calystegiae_mMAG_0004	mMAG_0004_contig_0002.region003	RiPP	thiopeptide
Jejubacter_calystegiae_mMAG_0004	mMAG_0004_contig_0007.region001	PKS	arylpolyene
Jejubacter_calystegiae_mMAG_0004	mMAG_0004_contig_0008.region001	other	acyl_amino_acids
Jejubacter_calystegiae_mMAG_0048	mMAG_0048_contig_0001.region001	NRPS	NRP-metallophore
Jejubacter_calystegiae_mMAG_0048	mMAG_0048_contig_0002.region001	other	acyl_amino_acids
Jejubacter_calystegiae_mMAG_0048	mMAG_0048_contig_0005.region001	PKS	arylpolyene
Jejubacter_calystegiae_mMAG_0048	mMAG_0048_contig_0008.region001	RiPP	RRE-containing
Jejubacter_calystegiae_mMAG_0048	mMAG_0048_contig_0012.region001	RiPP	thiopeptide
Jejubacter_calystegiae_mMAG_0048	mMAG_0048_contig_0019.region001	RiPP	RiPP-like
Jejubacter_calystegiae_mMAG_0048	mMAG_0048_contig_0032.region001	terpene	terpene
Jejubacter_calystegiae_mMAG_0048	mMAG_0048_contig_0070.region001	other	ectoine
Klebsiella_aerogenes_mMAG_0008	mMAG_0008_contig_0001.region001	RiPP	redox-cofactor
Klebsiella_aerogenes_mMAG_0008	mMAG_0008_contig_0002.region001	NRPS	NRP-metallophore
Klebsiella_aerogenes_mMAG_0008	mMAG_0008_contig_0003.region001	PKS	arylpolyene
Klebsiella_aerogenes_mMAG_0008	mMAG_0008_contig_0033.region001	RiPP	thiopeptide
Klebsiella_aerogenes_mMAG_0044	mMAG_0044_contig_0001.region001	PKS	arylpolyene
Klebsiella_aerogenes_mMAG_0044	mMAG_0044_contig_0002.region001	NRPS	NRP-metallophore
Klebsiella_aerogenes_mMAG_0044	mMAG_0044_contig_0011.region001	PKS	HR-T2PKS
Klebsiella_aerogenes_mMAG_0044	mMAG_0044_contig_0030.region001	RiPP	thiopeptide
Klebsiella_aerogenes_mMAG_0044	mMAG_0044_contig_0035.region001	RiPP	redox-cofactor
Klebsiella_aerogenes_sMAG_0010	sMAG_0010_contig_0001.region001	NRPS	NRP-metallophore
Klebsiella_aerogenes_sMAG_0010	sMAG_0010_contig_0001.region002	PKS	HR-T2PKS
Klebsiella_aerogenes_sMAG_0010	sMAG_0010_contig_0003.region001	PKS	arylpolyene
Klebsiella_aerogenes_sMAG_0010	sMAG_0010_contig_0003.region002	other	betalactone
Klebsiella_aerogenes_sMAG_0010	sMAG_0010_contig_0004.region001	RiPP	redox-cofactor
Klebsiella_aerogenes_sMAG_0010	sMAG_0010_contig_0009.region001	RiPP	RiPP-like
Klebsiella_aerogenes_sMAG_0010	sMAG_0010_contig_0011.region001	RiPP	thiopeptide
Klebsiella_aerogenes_sMAG_0036	sMAG_0036_contig_0001.region001	RiPP	redox-cofactor
Klebsiella_aerogenes_sMAG_0036	sMAG_0036_contig_0002.region001	NRPS	NRP-metallophore
Klebsiella_aerogenes_sMAG_0036	sMAG_0036_contig_0002.region002	RiPP	thiopeptide
Klebsiella_aerogenes_sMAG_0036	sMAG_0036_contig_0007.region001	PKS	HR-T2PKS
Klebsiella_aerogenes_sMAG_0036	sMAG_0036_contig_0008.region001	PKS	arylpolyene
Klebsiella_sp_sMAG_0005	sMAG_0005_contig_0001.region001	RiPP	thiopeptide
Klebsiella_sp_sMAG_0005	sMAG_0005_contig_0001.region002	NRPS	NRP-metallophore
Klebsiella_sp_sMAG_0005	sMAG_0005_contig_0010.region001	PKS	arylpolyene
Klebsiella_sp_sMAG_0005	sMAG_0005_contig_0011.region001	RiPP	redox-cofactor
Klebsiella_sp_sMAG_0005	sMAG_0005_contig_0015.region001	RiPP	RiPP-like
Klebsiella_sp_sMAG_0025	sMAG_0025_contig_0003.region001	NRPS	NRPS
Klebsiella_sp_sMAG_0025	sMAG_0025_contig_0004.region001	RiPP	thiopeptide
Klebsiella_sp_sMAG_0025	sMAG_0025_contig_0004.region002	other	acyl_amino_acids
Klebsiella_sp_sMAG_0025	sMAG_0025_contig_0010.region001	PKS	arylpolyene
Klebsiella_sp_sMAG_0025	sMAG_0025_contig_0013.region001	RiPP	RiPP-like
Klebsiella_sp_sMAG_0025	sMAG_0025_contig_0021.region001	NRPS	NRP-metallophore
Klebsiella_sp_sMAG_0090	sMAG_0090_contig_0002.region001	NRPS	NRP-metallophore
Klebsiella_sp_sMAG_0090	sMAG_0090_contig_0006.region001	other	butyrolactone
Klebsiella_sp_sMAG_0090	sMAG_0090_contig_0021.region001	RiPP	thiopeptide
Klebsiella_sp_sMAG_0090	sMAG_0090_contig_0024.region001	PKS	transAT-PKS
Klebsiella_sp_sMAG_0090	sMAG_0090_contig_0045.region001	RiPP	RiPP-like
Klebsiella_sp_sMAG_0090	sMAG_0090_contig_0068.region001	other	acyl_amino_acids
Kluyvera_cryocrescens_sMAG_0057	sMAG_0057_contig_0003.region001	NRPS	NRP-metallophore
Kluyvera_cryocrescens_sMAG_0057	sMAG_0057_contig_0008.region001	PKS	arylpolyene
Kluyvera_cryocrescens_sMAG_0057	sMAG_0057_contig_0008.region002	RiPP	thiopeptide
Kluyvera_cryocrescens_sMAG_0057	sMAG_0057_contig_0010.region001	RiPP	RiPP-like
Kluyvera_sp_mMAG_0010	mMAG_0010_contig_0001.region001	RiPP	thiopeptide
Kluyvera_sp_mMAG_0010	mMAG_0010_contig_0001.region002	PKS	arylpolyene
Kluyvera_sp_mMAG_0010	mMAG_0010_contig_0004.region001	NRPS	NRP-metallophore
Kluyvera_sp_mMAG_0010	mMAG_0010_contig_0011.region001	RiPP	RiPP-like
Kluyvera_sp_mMAG_0019	mMAG_0019_contig_0004.region001	RiPP	thiopeptide
Kluyvera_sp_mMAG_0019	mMAG_0019_contig_0010.region001	NRPS	NRP-metallophore
Kluyvera_sp_mMAG_0019	mMAG_0019_contig_0011.region001	PKS	arylpolyene
Kluyvera_sp_mMAG_0019	mMAG_0019_contig_0015.region001	RiPP	RiPP-like
Kluyvera_sp_sMAG_0051	sMAG_0051_contig_0048.region001	RiPP	RiPP-like
Kluyvera_sp_sMAG_0051	sMAG_0051_contig_0280.region001	PKS	arylpolyene
Kluyvera_sp_sMAG_0051	sMAG_0051_contig_0411.region001	NRPS	NRPS
Kluyvera_sp_sMAG_0051	sMAG_0051_contig_0658.region001	RiPP	RiPP-like
Kluyvera_sp_sMAG_0059	sMAG_0059_contig_0002.region001	NRPS	NRP-metallophore
Kluyvera_sp_sMAG_0059	sMAG_0059_contig_0008.region001	RiPP	thiopeptide
Kluyvera_sp_sMAG_0059	sMAG_0059_contig_0008.region002	PKS	arylpolyene
Kluyvera_sp_sMAG_0092	sMAG_0092_contig_0009.region001	PKS	arylpolyene
Kluyvera_sp_sMAG_0092	sMAG_0092_contig_0024.region001	NRPS	NRP-metallophore
Kluyvera_sp_sMAG_0092	sMAG_0092_contig_0101.region001	RiPP	RiPP-like
Lacrimispora_sp_sMAG_0070	sMAG_0070_contig_0002.region001	RiPP	cyclic-lactone-autoinducer
Lactococcus_formosensis_sMAG_0074	sMAG_0074_contig_0020.region001	RiPP	lanthipeptide-class-ii
Lactococcus_lactis_sMAG_0086	sMAG_0086_contig_0010.region001	RiPP	RiPP-like
Lactococcus_lactis_sMAG_0086	sMAG_0086_contig_0013.region001	PKS	T3PKS
Lactococcus_lactis_sMAG_0086	sMAG_0086_contig_0026.region001	RiPP	RaS-RiPP
Lactococcus_sp_sMAG_0062	sMAG_0062_contig_0009.region001	RiPP	RiPP-like
Lactococcus_taiwanensis_mMAG_0002	mMAG_0002_contig_0007.region001	other	betalactone
Lactococcus_taiwanensis_mMAG_0027	mMAG_0027_contig_0006.region001	other	betalactone
Lactococcus_taiwanensis_mMAG_0027	mMAG_0027_contig_0020.region001	PKS	T1PKS
Lactococcus_taiwanensis_sMAG_0049	sMAG_0049_contig_0008.region001	other	betalactone
Latilactobacillus_curvatus_mMAG_0016	mMAG_0016_contig_0022.region001	RiPP	RRE-containing
Latilactobacillus_sp_mMAG_0050	mMAG_0050_contig_0001.region001	RiPP	RiPP-like
Latilactobacillus_sp_mMAG_0050	mMAG_0050_contig_0001.region002	PKS	T3PKS
Latilactobacillus_sp_mMAG_0050	mMAG_0050_contig_0004.region001	RiPP	RRE-containing
Listeria_fleischmannii_mMAG_0034	mMAG_0034_contig_0001.region001	other	furan
Listeria_fleischmannii_mMAG_0034	mMAG_0034_contig_0003.region001	RiPP	cyclic-lactone-autoinducer
Listeria_fleischmannii_mMAG_0034	mMAG_0034_contig_0005.region001	terpene	terpene
Mammaliicoccus_sciuri_mMAG_0053	mMAG_0053_contig_0006.region001	RiPP	cyclic-lactone-autoinducer
Mammaliicoccus_sciuri_mMAG_0053	mMAG_0053_contig_0012.region001	RiPP	RiPP-like
Mammaliicoccus_sciuri_mMAG_0053	mMAG_0053_contig_0024.region001	PKS	T3PKS
Mammaliicoccus_sciuri_mMAG_0053	mMAG_0053_contig_0032.region001	RiPP	lassopeptide
Merdenecus_sp_sMAG_0024	sMAG_0024_contig_0004.region001	RiPP	lanthipeptide-class-ii
Merdenecus_sp_sMAG_0024	sMAG_0024_contig_0005.region001	RiPP	thiopeptide
Merdenecus_sp_sMAG_0024	sMAG_0024_contig_0006.region001	RiPP	ranthipeptide
Merdenecus_sp_sMAG_0024	sMAG_0024_contig_0007.region001	PKS	HR-T2PKS
Merdenecus_sp_sMAG_0024	sMAG_0024_contig_0019.region001	PKS	HR-T2PKS
Merdenecus_sp_sMAG_0024	sMAG_0024_contig_0020.region001	RiPP	RRE-containing
Merdenecus_sp_sMAG_0024	sMAG_0024_contig_0024.region001	RiPP	cyclic-lactone-autoinducer
Metaclostridioides_sp_mMAG_0025	mMAG_0025_contig_0001.region001	RiPP	cyclic-lactone-autoinducer
Metaclostridioides_sp_mMAG_0025	mMAG_0025_contig_0001.region002	RiPP	RRE-containing
Metaclostridioides_sp_mMAG_0025	mMAG_0025_contig_0036.region001	RiPP	cyclic-lactone-autoinducer
Metaclostridioides_sp_mMAG_0025	mMAG_0025_contig_0046.region001	RiPP	cyclic-lactone-autoinducer
Metaclostridioides_sp_mMAG_0025	mMAG_0025_contig_0066.region001	RiPP	cyclic-lactone-autoinducer
Metaclostridioides_sp_mMAG_0025	mMAG_0025_contig_0071.region001	RiPP	RRE-containing
Metaclostridioides_sp_mMAG_0025	mMAG_0025_contig_0105.region001	RiPP	ranthipeptide
Metaclostridioides_sp_mMAG_0025	mMAG_0025_contig_0114.region001	RiPP	cyclic-lactone-autoinducer
Metaclostridioides_sp_mMAG_0025	mMAG_0025_contig_0135.region001	RiPP	cyclic-lactone-autoinducer
Metaclostridioides_sp_mMAG_0025	mMAG_0025_contig_0141.region001	NRPS	NRPS
Mixta_intestinalis_mMAG_0037	mMAG_0037_contig_0001.region001	other	NI-siderophore
Mixta_intestinalis_mMAG_0037	mMAG_0037_contig_0002.region001	NRPS	NRP-metallophore
Mixta_intestinalis_mMAG_0037	mMAG_0037_contig_0004.region001	RiPP	redox-cofactor
Mixta_intestinalis_mMAG_0037	mMAG_0037_contig_0005.region001	terpene	terpene
Mixta_intestinalis_mMAG_0037	mMAG_0037_contig_0008.region001	other	hserlactone
Mixta_intestinalis_mMAG_0037	mMAG_0037_contig_0009.region001	RiPP	thiopeptide
Mixta_intestinalis_mMAG_0037	mMAG_0037_contig_0016.region001	other	hserlactone
Mixta_tenebrionis_mMAG_0051	mMAG_0051_contig_0001.region001	RiPP	thiopeptide
Mixta_tenebrionis_mMAG_0051	mMAG_0051_contig_0001.region002	other	hserlactone
Mixta_tenebrionis_mMAG_0051	mMAG_0051_contig_0002.region001	terpene	terpene
Mixta_tenebrionis_mMAG_0051	mMAG_0051_contig_0003.region001	other	hserlactone
Mixta_tenebrionis_mMAG_0051	mMAG_0051_contig_0004.region001	RiPP	LAP
Mixta_tenebrionis_mMAG_0051	mMAG_0051_contig_0006.region001	other	NI-siderophore
Mixta_tenebrionis_mMAG_0051	mMAG_0051_contig_0008.region001	RiPP	redox-cofactor
Mixta_tenebrionis_sMAG_0002	sMAG_0002_contig_0001.region001	terpene	terpene
Mixta_tenebrionis_sMAG_0002	sMAG_0002_contig_0003.region001	RiPP	redox-cofactor
Mixta_tenebrionis_sMAG_0002	sMAG_0002_contig_0006.region001	other	NI-siderophore
Mixta_tenebrionis_sMAG_0002	sMAG_0002_contig_0008.region001	PKS	arylpolyene
Mixta_tenebrionis_sMAG_0002	sMAG_0002_contig_0008.region002	RiPP	thiopeptide
Mixta_tenebrionis_sMAG_0002	sMAG_0002_contig_0009.region001	RiPP	LAP
Mixta_tenebrionis_sMAG_0002	sMAG_0002_contig_0009.region002	NRPS	NRP-metallophore
Mixta_tenebrionis_sMAG_0002	sMAG_0002_contig_0018.region001	other	hserlactone
Mixta_tenebrionis_sMAG_0002	sMAG_0002_contig_0028.region001	PKS	transAT-PKS
Morganella_morganii_sMAG_0069	sMAG_0069_contig_0003.region001	RiPP	thiopeptide
Morganella_morganii_sMAG_0069	sMAG_0069_contig_0008.region001	other	betalactone
Morganella_morganii_sMAG_0069	sMAG_0069_contig_0039.region001	RiPP	RRE-containing
Neisseriaceae_sp_sMAG_0065	sMAG_0065_contig_0001.region001	terpene	terpene
Neisseriaceae_sp_sMAG_0065	sMAG_0065_contig_0006.region001	PKS	arylpolyene
Neisseriaceae_sp_sMAG_0065	sMAG_0065_contig_0008.region001	terpene	terpene
Neisseriaceae_sp_sMAG_0065	sMAG_0065_contig_0012.region001	PKS	HR-T2PKS
Neisseriaceae_sp_sMAG_0071	sMAG_0071_contig_0001.region001	PKS	HR-T2PKS
Neisseriaceae_sp_sMAG_0071	sMAG_0071_contig_0002.region001	PKS	arylpolyene
Neisseriaceae_sp_sMAG_0071	sMAG_0071_contig_0006.region001	terpene	terpene
Neisseriaceae_sp_sMAG_0071	sMAG_0071_contig_0013.region001	terpene	terpene
Orbus_sp_sMAG_0096	sMAG_0096_contig_0001.region001	RiPP	RiPP-like
Orbus_sp_sMAG_0096	sMAG_0096_contig_0019.region001	RiPP	RiPP-like
Pediococcus_pentosaceus_mMAG_0032	mMAG_0032_contig_0001.region001	PKS	T3PKS
Pediococcus_pentosaceus_sMAG_0055	sMAG_0055_contig_0001.region001	PKS	T3PKS
Pediococcus_sp_sMAG_0033	sMAG_0033_contig_0001.region001	PKS	T3PKS
Pediococcus_sp_sMAG_0033	sMAG_0033_contig_0005.region001	PKS	T3PKS
Pediococcus_sp_sMAG_0033	sMAG_0033_contig_0012.region001	NRPS	NRPS-like
Peptostreptococcaceae_sp_mMAG_0011	mMAG_0011_contig_0002.region001	RiPP	ranthipeptide
Pseudomonas_aeruginosa_sMAG_0028	sMAG_0028_contig_0001.region001	other	hserlactone
Pseudomonas_aeruginosa_sMAG_0028	sMAG_0028_contig_0001.region002	other	NAGGN
Pseudomonas_aeruginosa_sMAG_0028	sMAG_0028_contig_0001.region003	NRPS	NRPS
Pseudomonas_aeruginosa_sMAG_0028	sMAG_0028_contig_0001.region004	RiPP	RiPP-like
Pseudomonas_aeruginosa_sMAG_0028	sMAG_0028_contig_0002.region001	other	opine-like-metallophore
Pseudomonas_aeruginosa_sMAG_0028	sMAG_0028_contig_0003.region001	NRPS	NRPS-like
Pseudomonas_aeruginosa_sMAG_0028	sMAG_0028_contig_0003.region002	other	hserlactone
Pseudomonas_aeruginosa_sMAG_0028	sMAG_0028_contig_0005.region001	other	phenazine
Pseudomonas_aeruginosa_sMAG_0028	sMAG_0028_contig_0007.region001	NRPS	NRPS
Pseudomonas_aeruginosa_sMAG_0028	sMAG_0028_contig_0007.region002	NRPS	NRPS
Pseudomonas_aeruginosa_sMAG_0028	sMAG_0028_contig_0009.region001	other	hydrogen-cyanide
Pseudomonas_aeruginosa_sMAG_0028	sMAG_0028_contig_0009.region002	RiPP	redox-cofactor
Pseudomonas_aeruginosa_sMAG_0028	sMAG_0028_contig_0014.region001	NRPS	NRPS-like
Pseudomonas_aeruginosa_sMAG_0028	sMAG_0028_contig_0014.region002	RiPP	RiPP-like
Pseudomonas_aeruginosa_sMAG_0028	sMAG_0028_contig_0016.region001	RiPP	thiopeptide
Pseudomonas_aeruginosa_sMAG_0028	sMAG_0028_contig_0017.region001	other	phenazine
Pseudomonas_aeruginosa_sMAG_0028	sMAG_0028_contig_0018.region001	NRPS	NRP-metallophore
Pseudomonas_putida_sMAG_0013	sMAG_0013_contig_0005.region001	RiPP	RiPP-like
Pseudomonas_putida_sMAG_0013	sMAG_0013_contig_0034.region001	other	hydrogen-cyanide
Pseudomonas_putida_sMAG_0013	sMAG_0013_contig_0056.region001	RiPP	redox-cofactor
Pseudomonas_putida_sMAG_0013	sMAG_0013_contig_0094.region001	NRPS	NRPS
Pseudomonas_putida_sMAG_0013	sMAG_0013_contig_0107.region001	RiPP	RRE-containing
Pseudomonas_putida_sMAG_0013	sMAG_0013_contig_0162.region001	RiPP	RiPP-like
Pseudomonas_sp_sMAG_0043	sMAG_0043_contig_0047.region001	other	NAGGN
Pseudomonas_sp_sMAG_0043	sMAG_0043_contig_0055.region001	RiPP	redox-cofactor
Pseudomonas_sp_sMAG_0043	sMAG_0043_contig_0065.region001	NRPS	NRPS
Pseudomonas_sp_sMAG_0043	sMAG_0043_contig_0100.region001	NRPS	NRPS
Pseudomonas_sp_sMAG_0043	sMAG_0043_contig_0114.region001	RiPP	RiPP-like
Pseudomonas_sp_sMAG_0043	sMAG_0043_contig_0135.region001	PKS	arylpolyene
Pseudomonas_sp_sMAG_0043	sMAG_0043_contig_0227.region001	PKS	arylpolyene
Pseudomonas_sp_sMAG_0043	sMAG_0043_contig_0228.region001	RiPP	ranthipeptide
Pseudomonas_sp_sMAG_0043	sMAG_0043_contig_0232.region001	RiPP	RiPP-like
Pseudomonas_sp_sMAG_0043	sMAG_0043_contig_0301.region001	NRPS	NRPS
Pseudomonas_sp_sMAG_0043	sMAG_0043_contig_0355.region001	NRPS	NRPS-like
Pseudomonas_sp_sMAG_0043	sMAG_0043_contig_0362.region001	NRPS	NRPS
Romboutsia_sp_sMAG_0018	sMAG_0018_contig_0017.region001	RiPP	ranthipeptide
Romboutsia_sp_sMAG_0018	sMAG_0018_contig_0092.region001	RiPP	ranthipeptide
Romboutsia_sp_sMAG_0019	sMAG_0019_contig_0004.region001	RiPP	cyclic-lactone-autoinducer
Romboutsia_sp_sMAG_0019	sMAG_0019_contig_0014.region001	RiPP	ranthipeptide
Romboutsia_sp_sMAG_0019	sMAG_0019_contig_0017.region001	RiPP	RaS-RiPP
Rothia_sp_mMAG_0018	mMAG_0018_contig_0001.region001	terpene	terpene
Rothia_sp_mMAG_0018	mMAG_0018_contig_0015.region001	RiPP	RRE-containing
Rothia_sp_mMAG_0018	mMAG_0018_contig_0020.region001	NRPS	NAPAA
Rothia_sp_mMAG_0018	mMAG_0018_contig_0037.region001	other	betalactone
Rothia_sp_mMAG_0018	mMAG_0018_contig_0068.region001	NRPS	NRPS
Rothia_sp_mMAG_0018	mMAG_0018_contig_0098.region001	NRPS	NRPS
Rothia_sp_mMAG_0018	mMAG_0018_contig_0112.region001	RiPP	RiPP-like
Rothia_sp_mMAG_0018	mMAG_0018_contig_0166.region001	NRPS	NRPS
Scandinavium_sp_sMAG_0089	sMAG_0089_contig_0001.region001	RiPP	RiPP-like
Scandinavium_sp_sMAG_0089	sMAG_0089_contig_0003.region001	NRPS	NRP-metallophore
Scandinavium_sp_sMAG_0089	sMAG_0089_contig_0004.region001	other	NI-siderophore
Scandinavium_sp_sMAG_0089	sMAG_0089_contig_0006.region001	PKS	arylpolyene
Scandinavium_sp_sMAG_0089	sMAG_0089_contig_0007.region001	RiPP	thiopeptide
Scandinavium_sp_sMAG_0089	sMAG_0089_contig_0008.region001	NRPS	NRPS
Scandinavium_sp_sMAG_0089	sMAG_0089_contig_0017.region001	RiPP	RiPP-like
Sebaldella_sp_sMAG_0012	sMAG_0012_contig_0028.region001	NRPS	NRPS-like
Sphingobacterium_sp_sMAG_0066	sMAG_0066_contig_0002.region001	other	betalactone
Sphingobacterium_sp_sMAG_0066	sMAG_0066_contig_0035.region001	PKS	arylpolyene
Sphingobacterium_sp_sMAG_0066	sMAG_0066_contig_0054.region001	PKS	T3PKS
Sphingobacterium_sp_sMAG_0066	sMAG_0066_contig_0137.region001	terpene	terpene
Sphingobacterium_sp_sMAG_0079	sMAG_0079_contig_0001.region001	terpene	terpene
Sphingobacterium_sp_sMAG_0079	sMAG_0079_contig_0001.region002	other	betalactone
Sphingobacterium_sp_sMAG_0079	sMAG_0079_contig_0002.region001	PKS	arylpolyene
Sphingobacterium_sp_sMAG_0079	sMAG_0079_contig_0002.region002	PKS	T3PKS
Sphingobacterium_sp_sMAG_0079	sMAG_0079_contig_0013.region001	RiPP	RiPP-like
Sphingobacterium_thalpophilum_sMAG_0003	sMAG_0003_contig_0012.region001	PKS	T3PKS
Sphingobacterium_thalpophilum_sMAG_0003	sMAG_0003_contig_0078.region001	terpene	terpene
Sphingobacterium_thalpophilum_sMAG_0003	sMAG_0003_contig_0119.region001	other	betalactone
Sphingobacterium_thalpophilum_sMAG_0003	sMAG_0003_contig_0130.region001	RiPP	RiPP-like
Sphingobacterium_thalpophilum_sMAG_0003	sMAG_0003_contig_0139.region001	RiPP	RRE-containing
Sphingobacterium_thalpophilum_sMAG_0003	sMAG_0003_contig_0303.region001	RiPP	RiPP-like
Staphylococcus_gallinarum_mMAG_0047	mMAG_0047_contig_0001.region001	terpene	terpene
Staphylococcus_gallinarum_mMAG_0047	mMAG_0047_contig_0002.region001	other	NI-siderophore
Staphylococcus_gallinarum_mMAG_0047	mMAG_0047_contig_0002.region002	PKS	T3PKS
Staphylococcus_gallinarum_mMAG_0047	mMAG_0047_contig_0002.region003	terpene	terpene
Staphylococcus_gallinarum_mMAG_0047	mMAG_0047_contig_0004.region001	NRPS	NRPS
Staphylococcus_gallinarum_mMAG_0047	mMAG_0047_contig_0004.region002	RiPP	RiPP-like
Staphylococcus_gallinarum_mMAG_0047	mMAG_0047_contig_0006.region001	RiPP	cyclic-lactone-autoinducer
Staphylococcus_kloosii_mMAG_0035	mMAG_0035_contig_0002.region001	PKS	T3PKS
Staphylococcus_kloosii_mMAG_0035	mMAG_0035_contig_0002.region002	other	NI-siderophore
Staphylococcus_kloosii_mMAG_0035	mMAG_0035_contig_0003.region001	RiPP	lanthipeptide-class-i
Staphylococcus_kloosii_mMAG_0035	mMAG_0035_contig_0003.region002	terpene	terpene
Staphylococcus_kloosii_mMAG_0035	mMAG_0035_contig_0006.region001	RiPP	cyclic-lactone-autoinducer
Staphylococcus_kloosii_sMAG_0021	sMAG_0021_contig_0002.region001	PKS	T3PKS
Staphylococcus_kloosii_sMAG_0021	sMAG_0021_contig_0004.region001	terpene	terpene
Staphylococcus_kloosii_sMAG_0021	sMAG_0021_contig_0015.region001	other	NI-siderophore
Staphylococcus_kloosii_sMAG_0021	sMAG_0021_contig_0023.region001	RiPP	cyclic-lactone-autoinducer
Tenebrionibacter_intestinalis_mMAG_0026	mMAG_0026_contig_0003.region001	RiPP	thiopeptide
Tenebrionibacter_intestinalis_mMAG_0026	mMAG_0026_contig_0004.region001	PKS	HR-T2PKS
Tenebrionibacter_intestinalis_mMAG_0026	mMAG_0026_contig_0007.region001	NRPS	NRPS-like
Tenebrionibacter_intestinalis_mMAG_0026	mMAG_0026_contig_0018.region001	NRPS	NRP-metallophore
Tenebrionibacter_intestinalis_mMAG_0026	mMAG_0026_contig_0024.region001	other	hserlactone
Tenebrionibacter_intestinalis_mMAG_0026	mMAG_0026_contig_0038.region001	NRPS	NRPS
Weissella_confusa_sMAG_0044	sMAG_0044_contig_0051.region001	PKS	T3PKS
Weissella_paramesenteroides_mMAG_0006	mMAG_0006_contig_0038.region001	PKS	T3PKS
Weissella_paramesenteroides_mMAG_0006	mMAG_0006_contig_0050.region001	RiPP	RiPP-like
Weissella_paramesenteroides_sMAG_0030	sMAG_0030_contig_0031.region001	PKS	T3PKS
Achromobacter_sp_sMAG_0077	blank	blank	blank
Acinetobacter_guillouiae_sMAG_0056	blank	blank	blank
Advenella_sp_sMAG_0078	blank	blank	blank
Apibacter_sp_sMAG_0004	blank	blank	blank
Bacillaceae_bacterium_mMAG_0052	blank	blank	blank
Bacilli_bacterium_sMAG_0016	blank	blank	blank
Brevibacterium_epidermidis_mMAG_0003	blank	blank	blank
Brevibacterium_sp_mMAG_0023	blank	blank	blank
Brucella_tritici_sMAG_0011	blank	blank	blank
Burkholderiales_bacterium_sMAG_0027	blank	blank	blank
Caloramatoraceae_bacterium_sMAG_0052	blank	blank	blank
Chryseobacterium_sp_sMAG_0068	blank	blank	blank
Chryseobacterium_sp_sMAG_0072	blank	blank	blank
Citrobacter_koseri_sMAG_0083	blank	blank	blank
Citrobacter_koseri_sMAG_0085	blank	blank	blank
Citrobacter_werkmanii_sMAG_0058	blank	blank	blank
Corynebacterium_kalidii_mMAG_0001	blank	blank	blank
Corynebacterium_nuruki_mMAG_0041	blank	blank	blank
Corynebacterium_nuruki_sMAG_0091	blank	blank	blank
Corynebacterium_sp_mMAG_0017	blank	blank	blank
Corynebacterium_sp_sMAG_0001	blank	blank	blank
Corynebacterium_sp_sMAG_0015	blank	blank	blank
Corynebacterium_sp_sMAG_0045	blank	blank	blank
Corynebacterium_sp_sMAG_0075	blank	blank	blank
Culicoidibacteraceae_sp_sMAG_0073	blank	blank	blank
Dysgonomonas_capnocytophagoides_sMAG_0029	blank	blank	blank
Dysgonomonas_gadei_sMAG_0064	blank	blank	blank
Dysgonomonas_sp_mMAG_0046	blank	blank	blank
Dysgonomonas_sp_sMAG_0050	blank	blank	blank
Dysgonomonas_sp_sMAG_0054	blank	blank	blank
Dysgonomonas_sp_sMAG_0087	blank	blank	blank
Dysgonomonas_sp_sMAG_0099	blank	blank	blank
Empedobacter_falsenii_sMAG_0081	blank	blank	blank
Empedobacter_falsenii_sMAG_0088	blank	blank	blank
Enterobacter_cloacae_sMAG_0042	blank	blank	blank
Enterobacteriaceae_bacterium_sMAG_0037	blank	blank	blank
Enterobacter_sp_mMAG_0013	blank	blank	blank
Enterobacter_wuhouensis_sMAG_0047	blank	blank	blank
Enterococcaceae_sp_sMAG_0032	blank	blank	blank
Enterococcus_avium_mMAG_0028	blank	blank	blank
Enterococcus_avium_mMAG_0040	blank	blank	blank
Enterococcus_avium_sMAG_0067	blank	blank	blank
Enterococcus_canis_mMAG_0012	blank	blank	blank
Enterococcus_devriesei_sMAG_0080	blank	blank	blank
Enterococcus_faecalis_mMAG_0015	blank	blank	blank
Enterococcus_gallinarum_mMAG_0042	blank	blank	blank
Enterococcus_gallinarum_sMAG_0046	blank	blank	blank
Enterococcus_leclercqii_mMAG_0029	blank	blank	blank
Enterococcus_leclercqii_sMAG_0039	blank	blank	blank
Enterococcus_murrayae_sMAG_0008	blank	blank	blank
Enterococcus_nangangensis_sMAG_0022	blank	blank	blank
Enterococcus_nangangensis_sMAG_0038	blank	blank	blank
Enterococcus_nangangensis_sMAG_0076	blank	blank	blank
Enterococcus_phoeniculicola_sMAG_0006	blank	blank	blank
Enterococcus_pseudoavium_sMAG_0082	blank	blank	blank
Enterococcus_saigonensis_sMAG_0097	blank	blank	blank
Enterococcus_sp_mMAG_0005	blank	blank	blank
Enterococcus_sp_mMAG_0020	blank	blank	blank
Enterococcus_sp_mMAG_0021	blank	blank	blank
Enterococcus_sp_mMAG_0024	blank	blank	blank
Enterococcus_sp_mMAG_0030	blank	blank	blank
Enterococcus_sp_mMAG_0033	blank	blank	blank
Enterococcus_sp_mMAG_0038	blank	blank	blank
Enterococcus_sp_mMAG_0043	blank	blank	blank
Enterococcus_sp_mMAG_0045	blank	blank	blank
Enterococcus_sp_mMAG_0049	blank	blank	blank
Enterococcus_sp_sMAG_0009	blank	blank	blank
Enterococcus_sp_sMAG_0014	blank	blank	blank
Enterococcus_sp_sMAG_0020	blank	blank	blank
Enterococcus_sp_sMAG_0031	blank	blank	blank
Enterococcus_sp_sMAG_0040	blank	blank	blank
Enterococcus_sp_sMAG_0041	blank	blank	blank
Enterococcus_sp_sMAG_0060	blank	blank	blank
Enterococcus_sp_sMAG_0061	blank	blank	blank
Enterococcus_sp_sMAG_0063	blank	blank	blank
Enterococcus_sp_sMAG_0084	blank	blank	blank
Enterococcus_sp_sMAG_0094	blank	blank	blank
Enterococcus_sp_sMAG_0095	blank	blank	blank
Enterococcus_sp_sMAG_0100	blank	blank	blank
Enterococcus_stercoravium_sMAG_0098	blank	blank	blank
Enterococcus_villorum_mMAG_0036	blank	blank	blank
Entomomonas_sp_sMAG_0053	blank	blank	blank
Erysipelotrichaceae_bacterium_sMAG_0017	blank	blank	blank
Flavobacterium_sp_sMAG_0048	blank	blank	blank
Hafnia_paralvei_sMAG_0023	blank	blank	blank
Intestinirhabdus_alba_mMAG_0014	blank	blank	blank
Intestinirhabdus_alba_sMAG_0026	blank	blank	blank
Jejubacter_calystegiae_mMAG_0004	blank	blank	blank
Jejubacter_calystegiae_mMAG_0048	blank	blank	blank
Klebsiella_aerogenes_mMAG_0008	blank	blank	blank
Klebsiella_aerogenes_mMAG_0044	blank	blank	blank
Klebsiella_aerogenes_sMAG_0010	blank	blank	blank
Klebsiella_aerogenes_sMAG_0036	blank	blank	blank
Klebsiella_sp_sMAG_0005	blank	blank	blank
Klebsiella_sp_sMAG_0025	blank	blank	blank
Klebsiella_sp_sMAG_0090	blank	blank	blank
Kluyvera_cryocrescens_sMAG_0057	blank	blank	blank
Kluyvera_sp_mMAG_0010	blank	blank	blank
Kluyvera_sp_mMAG_0019	blank	blank	blank
Kluyvera_sp_sMAG_0051	blank	blank	blank
Kluyvera_sp_sMAG_0059	blank	blank	blank
Kluyvera_sp_sMAG_0092	blank	blank	blank
Lacrimispora_sp_sMAG_0070	blank	blank	blank
Lactococcus_formosensis_mMAG_0007	blank	blank	blank
Lactococcus_formosensis_sMAG_0074	blank	blank	blank
Lactococcus_lactis_sMAG_0086	blank	blank	blank
Lactococcus_sp_mMAG_0009	blank	blank	blank
Lactococcus_sp_sMAG_0034	blank	blank	blank
Lactococcus_sp_sMAG_0062	blank	blank	blank
Lactococcus_taiwanensis_mMAG_0002	blank	blank	blank
Lactococcus_taiwanensis_mMAG_0027	blank	blank	blank
Lactococcus_taiwanensis_sMAG_0049	blank	blank	blank
Latilactobacillus_curvatus_mMAG_0016	blank	blank	blank
Latilactobacillus_sp_mMAG_0050	blank	blank	blank
Listeria_fleischmannii_mMAG_0034	blank	blank	blank
Mammaliicoccus_sciuri_mMAG_0053	blank	blank	blank
Merdenecus_sp_sMAG_0024	blank	blank	blank
Metaclostridioides_sp_mMAG_0025	blank	blank	blank
Mixta_intestinalis_mMAG_0037	blank	blank	blank
Mixta_tenebrionis_mMAG_0051	blank	blank	blank
Mixta_tenebrionis_sMAG_0002	blank	blank	blank
Morganella_morganii_sMAG_0069	blank	blank	blank
Mycoplasmataceae_bacterium_mMAG_0031	blank	blank	blank
Mycoplasmataceae_bacterium_sMAG_0007	blank	blank	blank
Mycoplasmataceae_bacterium_sMAG_0093	blank	blank	blank
Neisseriaceae_sp_sMAG_0065	blank	blank	blank
Neisseriaceae_sp_sMAG_0071	blank	blank	blank
Orbus_sp_sMAG_0096	blank	blank	blank
Pediococcus_pentosaceus_mMAG_0032	blank	blank	blank
Pediococcus_pentosaceus_sMAG_0055	blank	blank	blank
Pediococcus_sp_sMAG_0033	blank	blank	blank
Pediococcus_sp_sMAG_0035	blank	blank	blank
Peptostreptococcaceae_sp_mMAG_0011	blank	blank	blank
Pseudomonas_aeruginosa_sMAG_0028	blank	blank	blank
Pseudomonas_putida_sMAG_0013	blank	blank	blank
Pseudomonas_sp_sMAG_0043	blank	blank	blank
Romboutsia_sp_sMAG_0018	blank	blank	blank
Romboutsia_sp_sMAG_0019	blank	blank	blank
Rothia_sp_mMAG_0018	blank	blank	blank
Scandinavium_sp_sMAG_0089	blank	blank	blank
Sebaldella_sp_sMAG_0012	blank	blank	blank
Sphingobacterium_sp_sMAG_0066	blank	blank	blank
Sphingobacterium_sp_sMAG_0079	blank	blank	blank
Sphingobacterium_thalpophilum_sMAG_0003	blank	blank	blank
Staphylococcus_gallinarum_mMAG_0047	blank	blank	blank
Staphylococcus_kloosii_mMAG_0035	blank	blank	blank
Staphylococcus_kloosii_sMAG_0021	blank	blank	blank
Tenebrionibacter_intestinalis_mMAG_0026	blank	blank	blank
Weissella_cibaria_mMAG_0022	blank	blank	blank
Weissella_cibaria_mMAG_0039	blank	blank	blank
Weissella_confusa_sMAG_0044	blank	blank	blank
Weissella_paramesenteroides_mMAG_0006	blank	blank	blank
Weissella_paramesenteroides_sMAG_0030	blank	blank	blank